[{"id":"g-theme-font-family","defaultValue":"Arial, sans-serif"},{"id":"g-theme-background-color","defaultValue":"#ffffff"},{"id":"g-theme-color","defaultValue":"#2a2a2a"},{"id":"g-theme-print-color","defaultValue":"#000000"},{"id":"g-theme-error-color","defaultValue":"#b10e1e"},{"id":"g-theme-error-border-color","defaultValue":"#b10e1e"},{"id":"g-theme-error-background-color","defaultValue":"#b10e1e"},{"id":"g-theme-hint-color","defaultValue":"#595959"},{"id":"g-theme-focus-ring-color","defaultValue":"#b53cde"},{"id":"g-theme-heading-font-family","defaultValue":"Arial, sans-serif"},{"id":"g-theme-heading-color","defaultValue":"#2a2a2a"},{"id":"g-theme-heading-xl-font-weight","defaultValue":"600"},{"id":"g-theme-heading-l-font-weight","defaultValue":"600"},{"id":"g-theme-heading-m-font-weight","defaultValue":"600"},{"id":"g-theme-heading-s-font-weight","defaultValue":"600"},{"id":"g-theme-heading-xs-font-weight","defaultValue":"600"},{"id":"g-theme-heading-xxs-font-weight","defaultValue":"600"},{"id":"g-theme-inverted-color","defaultValue":"#ffffff"},{"id":"g-theme-inverted-background-color","defaultValue":"#363636"},{"id":"g-theme-inverted-variant-background-color","defaultValue":"#2a2a2a"},{"id":"g-theme-form-background-color","defaultValue":"#ffffff"},{"id":"g-theme-form-color","defaultValue":"#000000"},{"id":"g-theme-select-background-color","defaultValue":"#ffffff"},{"id":"g-theme-form-border-color","defaultValue":"#2a2a2a"},{"id":"g-theme-legend-color","defaultValue":"#0b0c0c"},{"id":"g-theme-formdivider-color","defaultValue":"#0b0c0c"},{"id":"g-theme-inverted-link-color","defaultValue":"#d3d3d3"},{"id":"g-theme-inverted-nav-active-border-color","defaultValue":"#24a882"},{"id":"g-theme-inverted-menu-button-color","defaultValue":"#24a882"},{"id":"g-theme-button-active-box-shadow","defaultValue":"#003418"},{"id":"g-theme-button-background-color","defaultValue":"#078766"},{"id":"g-theme-button-color","defaultValue":"#ffffff"},{"id":"g-theme-button-hover-background-color","defaultValue":"#00692f"},{"id":"g-theme-button-disabled-background-color","defaultValue":"#078766"},{"id":"g-theme-button-secondary-background-color","defaultValue":"#d3d3d3"},{"id":"g-theme-button-secondary-hover-background-color","defaultValue":"#b2b2b2"},{"id":"g-theme-button-secondary-color","defaultValue":"#0b0c0c"},{"id":"g-theme-button-warning-background-color","defaultValue":"#900815"},{"id":"g-theme-button-box-shadow-color","defaultValue":"#2a2a2a"},{"id":"g-theme-radio-border","defaultValue":"2px solid currentColor"},{"id":"g-theme-link-color","defaultValue":"#005ea5"},{"id":"g-theme-link-focus-color","defaultValue":"#0b0c0c"},{"id":"g-theme-link-hover-color","defaultValue":"#000c48"},{"id":"g-theme-link-muted-color","defaultValue":"#6f777b"},{"id":"g-theme-alert-color","defaultValue":"#6f777b"},{"id":"g-theme-alert-background-color","defaultValue":"#f4f4f4"},{"id":"g-theme-alert-success-border-color","defaultValue":"#088a20"},{"id":"g-theme-alert-warning-border-color","defaultValue":"#d47500"},{"id":"g-theme-alert-error-border-color","defaultValue":"#b10e1e"},{"id":"g-theme-alert-info-border-color","defaultValue":"#1f1bfb"},{"id":"g-theme-alert-border-color","defaultValue":"#d3d3d3"},{"id":"g-theme-alert-icon-color","defaultValue":"#ffffff"},{"id":"g-theme-inset-background-color","defaultValue":"#f4f4f4"},{"id":"g-theme-inset-border-color","defaultValue":"#23cba5"},{"id":"g-theme-caption-color","defaultValue":"#6f777c"}]