[
  {
    "title": "Released",
    "stable": true,
    "items": [
      { "id": "FlexGrid", "name": "Flexbox grid", "stable": true },
      { "id": "Radios", "name": "Radio buttons", "stable": true },
      { "id": "Input", "name": "Text input", "stable": true },
      { "id": "Checkboxes", "name": "Checkboxes", "stable": true },
      { "id": "Select", "name": "Select", "stable": true },
      { "id": "Date", "name": "Date input", "stable": true },
      { "id": "Button", "name": "Button", "stable": true },
      { "id": "Fieldset", "name": "Fieldset", "stable": true },
      { "id": "Textarea", "name": "Textarea", "stable": true },
      { "id": "Header", "name": "Header", "stable": true },
      {
        "id": "Alerts",
        "name": "Page alerts",
        "stable": true
      },
      {
        "id": "Footer",
        "name": "Footer",
        "stable": true
      }
    ]
  },
  {
    "title": "Coming soon",
    "stable": false,
    "items": [
      { "id": "InsetText", "name": "Inset text", "stable": false },
      { "id": "FileUpload", "name": "File upload", "stable": false }
    ]
  }
]
